run_id,filename,encode_time,decode_time,original_bits,compressed_bits
20251218_235633,Samp1.bin,4.553794860839844e-05,2.6941299438476562e-05,525824,525824
20251218_235633,Samp2.bin,3.5762786865234375e-06,2.86102294921875e-06,525824,525824
20251218_235633,Samp3.bin,2.1457672119140625e-06,1.9073486328125e-06,525824,525824
20251218_235633,Samp4.bin,2.1457672119140625e-06,1.9073486328125e-06,525824,525824
