run_id,filename,encode_time,decode_time,original_bits,compressed_bits
20251218_235633,Samp1.bin,4.553794860839844e-05,2.6941299438476562e-05,525824,525824
20251218_235633,Samp2.bin,3.5762786865234375e-06,2.86102294921875e-06,525824,525824
20251218_235633,Samp3.bin,2.1457672119140625e-06,1.9073486328125e-06,525824,525824
20251218_235633,Samp4.bin,2.1457672119140625e-06,1.9073486328125e-06,525824,525824
20251231_224139,Samp1.bin,2.1459977626800537,0.1889631748199463,525824,441265
20251231_224139,Samp2.bin,2.760331392288208,0.16027188301086426,525824,418853
20251231_224139,Samp3.bin,4.184079170227051,0.6278688907623291,525824,784086
20251231_224139,Samp4.bin,3.304481267929077,0.3763847351074219,525824,688978
